{"cameraMode":{"drawMode":0,"name":"Shaded","section":"Shading Mode"},"sceneLighting":false,"audioPlay":false,"sceneViewState":{"showFog":true,"showMaterialUpdate":false,"showSkybox":false,"showFlares":true,"showImageEffects":true,"showParticleSystems":true},"in2DMode":false,"pivot":{"x":-1.270896315574646,"y":1.6682052612304688,"z":-0.030525481328368188},"rotation":{"x":-0.23065681755542756,"y":-0.021310055628418924,"z":0.005052798427641392,"w":-0.9727885127067566},"size":7.6612043380737309,"orthographic":false}