{"cameraMode":{"drawMode":0,"name":"Shaded","section":"Shading Mode"},"sceneLighting":false,"audioPlay":false,"sceneViewState":{"showFog":true,"showMaterialUpdate":false,"showSkybox":false,"showFlares":true,"showImageEffects":true,"showParticleSystems":true},"in2DMode":false,"pivot":{"x":7.0894060134887699,"y":9.18581771850586,"z":-3.920612335205078},"rotation":{"x":-0.21448302268981934,"y":0.035736411809921268,"z":-0.007852964103221894,"w":-0.9760424494743347},"size":2.8578834533691408,"orthographic":false}